artist;songName;rank;chart;date;urlYoutube
Shaboozey;A Bar Song (Tipsy);1;canadian;2024-05-14;https://www.youtube.com/results?search_query=Shaboozey+A+Bar+Song+(Tipsy)+lyrics
Kendrick Lamar;Not Like Us;2;canadian;2024-05-14;https://www.youtube.com/results?search_query=Kendrick+Lamar+Not+Like+Us+lyrics
Tommy Richman;Million Dollar Baby;3;canadian;2024-05-14;https://www.youtube.com/results?search_query=Tommy+Richman+Million+Dollar+Baby+lyrics
Benson Boone;Beautiful Things;4;canadian;2024-05-14;https://www.youtube.com/results?search_query=Benson+Boone+Beautiful+Things+lyrics
Kendrick Lamar;Euphoria;5;canadian;2024-05-14;https://www.youtube.com/results?search_query=Kendrick+Lamar+Euphoria+lyrics
Sabrina Carpenter;Espresso;7;canadian;2024-05-14;https://www.youtube.com/results?search_query=Sabrina+Carpenter+Espresso+lyrics
Taylor Swift Featuring Post Malone;Fortnight;8;canadian;2024-05-14;https://www.youtube.com/results?search_query=Taylor+Swift+Featuring+Post+Malone+Fortnight+lyricsKeung To
Oki Featuring Sobel;Ile Lat;1;poland;2024-05-15;https://www.youtube.com/results?search_query=Oki+Featuring+Sobel+Ile+Lat+lyrics
Gya X Babasha;Baklava;1;romania;2024-05-15;https://www.youtube.com/results?search_query=Gya+X+Babasha+Baklava+lyrics
Rose Villain Feat. Gue;Come Un Tuono;1;italy;2024-05-15;https://www.youtube.com/results?search_query=Rose+Villain+Feat.+Gue+Come+Un+Tuono+lyrics
Saiko Featuring JC Reyes;Badgyal;1;spain;2024-05-15;https://www.youtube.com/results?search_query=Saiko+Featuring+JC+Reyes+Badgyal+lyrics
BINI;Pantropiko;1;philippines;2024-05-15;https://www.youtube.com/results?search_query=BINI+Pantropiko+lyrics
Keung To;You're Out Of This World;1;hong-kong;2024-05-15;https://www.youtube.com/results?search_query=Keung+To+You're+Out+Of+This+World+lyrics
Bayhan;Tiryakinim;1;turkey;2024-05-15;https://www.youtube.com/results?search_query=Bayhan+Tiryakinim+lyrics
Artemas;I Like The Way You Kiss Me;1;austria;2024-05-15;https://www.youtube.com/results?search_query=Artemas+I+Like+The+Way+You+Kiss+Me+lyrics
Gustavo Moura & Rafael;Digitando;1;brasil;2024-05-15;https://www.youtube.com/results?search_query=Gustavo+Moura+&+Rafael+Digitando+lyrics
Mizzy Miles Featuring Van Zee & Bispo;Bencao;1;portugal;2024-05-15;https://www.youtube.com/results?search_query=Mizzy+Miles+Featuring+Van+Zee+&+Bispo+Bencao+lyrics
Henry Moodie;Drunk Text;1;indonesia;2024-05-15;https://www.youtube.com/results?search_query=Henry+Moodie+Drunk+Text+lyrics
Grse & Miach;Fantazija;1;croatia;2024-05-15;https://www.youtube.com/results?search_query=Grse+&+Miach+Fantazija+lyrics
JVG;Rallikansa;1;finland;2024-05-15;https://www.youtube.com/results?search_query=JVG+Rallikansa+lyrics
Roxy Dekker;Sugardaddy;1;netherlands;2024-05-15;https://www.youtube.com/results?search_query=Roxy+Dekker+Sugardaddy+lyrics
Aron Can;MONNI;1;iceland;2024-05-15;https://www.youtube.com/results?search_query=Aron+Can+MONNI+lyrics
Rvssian, Rauw Alejandro & Ayra Starr;Santa;1;peru;2024-05-15;https://www.youtube.com/results?search_query=Rvssian,+Rauw+Alejandro+&+Ayra+Starr+Santa+lyrics
Lay Bankz;Tell Ur Girlfriend;1;tiktok;2024-05-15;https://www.youtube.com/results?search_query=Lay+Bankz+Tell+Ur+Girlfriend+lyrics
AYLIVA X Apache 207;Wunder;1;germany;2024-05-15;https://www.youtube.com/results?search_query=AYLIVA+X+Apache+207+Wunder+lyrics
Saad Lamjarred & Shreya Ghoshal;Guli Mata;1;the-arabic;2024-05-15;https://www.youtube.com/results?search_query=Saad+Lamjarred+&+Shreya+Ghoshal+Guli+Mata+lyrics
FloyyMenor X Cris Mj;Gata Only;1;switzerland;2024-05-15;https://www.youtube.com/results?search_query=FloyyMenor+X+Cris+Mj+Gata+Only+lyrics
ZICO Featuring Jennie;Spot!;1;south-korea;2024-05-15;https://www.youtube.com/results?search_query=ZICO+Featuring+Jennie+Spot!+lyrics
Feid & ATL Jacob;Luna;1;bolivia;2024-05-15;https://www.youtube.com/results?search_query=Feid+&+ATL+Jacob+Luna+lyrics
Natanael Cano & Oscar Maydon;Madonna;1;mexico;2024-05-15;https://www.youtube.com/results?search_query=Natanael+Cano+&+Oscar+Maydon+Madonna+lyrics
Bhavi, Seven Kayne, Milo j, Tiago PZK, KHEA & Neo Pistea;Besame (Remix);1;argentina;2024-05-15;https://www.youtube.com/results?search_query=Bhavi,+Seven+Kayne,+Milo+j,+Tiago+PZK,+KHEA+&+Neo+Pistea+Besame+(Remix)+lyrics
Creepy Nuts;Bling-Bang-Bang-Born;1;japan;2024-05-15;https://www.youtube.com/results?search_query=Creepy+Nuts+Bling-Bang-Bang-Born+lyrics
Desh;Strawberry;1;hungary;2024-05-15;https://www.youtube.com/results?search_query=Desh+Strawberry+lyrics
Kidd Voodoo & DrefQuila;Enrolar;1;chile;2024-05-15;https://www.youtube.com/results?search_query=Kidd+Voodoo+&+DrefQuila+Enrolar+lyrics
Zhou Shen;Xiao Mei Man;1;china-tme-uni;2024-05-15;https://www.youtube.com/results?search_query=Zhou+Shen+Xiao+Mei+Man+lyrics
Anton Westerlin & Lamin;Chanel Freestyle;1;denmark;2024-05-15;https://www.youtube.com/results?search_query=Anton+Westerlin+&+Lamin+Chanel+Freestyle+lyrics
Carbonne;Imagine;1;france;2024-05-15;https://www.youtube.com/results?search_query=Carbonne+Imagine+lyrics
SIDARTA & Light;MBAPPE;1;greece;2024-05-15;https://www.youtube.com/results?search_query=SIDARTA+&+Light+MBAPPE+lyrics
Mika Singh & Nakash Aziz;Pushpa Pushpa (From "Pushpa 2 The Rule");1;india;2024-05-15;https://www.youtube.com/results?search_query=Mika+Singh+&+Nakash+Aziz+Pushpa+Pushpa+(From+"Pushpa+2+The+Rule")+lyrics
Jaxomy, Agatino Romero & Raffaella Carra;Pedro;1;slovakia;2024-05-15;https://www.youtube.com/results?search_query=Jaxomy,+Agatino+Romero+&+Raffaella+Carra+Pedro+lyrics
ILLIT;Magnetic;1;taiwan;2024-05-15;https://www.youtube.com/results?search_query=ILLIT+Magnetic+lyrics
Bedroom Audio;Pleng Ti Ter Mai Fung;1;thailand-thai;2024-05-15;https://www.youtube.com/results?search_query=Bedroom+Audio+Pleng+Ti+Ter+Mai+Fung+lyrics
Bow Book x Tid Aim x Khum Mos;Suay Ka Yi Chai;1;thailand-thai;2024-05-15;https://www.youtube.com/results?search_query=Bow+Book+x+Tid+Aim+x+Khum+Mos+Suay+Ka+Yi+Chai+lyrics
Mesita X NICKI NICOLE X Tiago PZK X Emilia;Una Foto;2;argentina;2024-05-15;https://www.youtube.com/results?search_query=Mesita+X+NICKI+NICOLE+X+Tiago+PZK+X+Emilia+Una+Foto+lyrics
Felipe & Rodrigo;Gosta de Rua (En Vivo);2;brasil;2024-05-15;https://www.youtube.com/results?search_query=Felipe+&+Rodrigo+Gosta+de+Rua+(En+Vivo)+lyrics
Pablo Chill-E Featuring Bryartz;Gitana;2;chile;2024-05-15;https://www.youtube.com/results?search_query=Pablo+Chill-E+Featuring+Bryartz+Gitana+lyrics
KeBlack Featuring Franglish;Boucan;2;france;2024-05-15;https://www.youtube.com/results?search_query=KeBlack+Featuring+Franglish+Boucan+lyrics
Manuel;Voodoo Baba;2;hungary;2024-05-15;https://www.youtube.com/results?search_query=Manuel+Voodoo+Baba+lyrics
Capo Plaza Feat. Lazza;Money Rain;2;italy;2024-05-15;https://www.youtube.com/results?search_query=Capo+Plaza+Feat.+Lazza+Money+Rain+lyrics
Luis R Conriquez x Neton Vega;Si No Quieres No;2;mexico;2024-05-15;https://www.youtube.com/results?search_query=Luis+R+Conriquez+x+Neton+Vega+Si+No+Quieres+No+lyrics
Kalpana & Neelkamal Singh;Maroon Color Sadiya (From "Fasal");2;india;2024-05-15;https://www.youtube.com/results?search_query=Kalpana+&+Neelkamal+Singh+Maroon+Color+Sadiya+(From+"Fasal")+lyrics
Blessd & Ovy On The Drums;Mirame;2;colombia;2024-05-15;https://www.youtube.com/results?search_query=Blessd+ +Ovy+On+The+Drums+Mirame+lyrics
Qiao Juncheng, Wang Yuzhou Leto;Ruo Yue Liang Mei Lai (Ruo Shi Yue Liang Hai Mei Lai);2;china-tme-uni;2024-05-15;https://www.youtube.com/results?search_query=Qiao+Juncheng,+Wang+Yuzhou+Leto+Ruo+Yue+Liang+Mei+Lai+(Ruo+Shi+Yue+Liang+Hai+Mei+Lai)+lyrics
Baby Lasagna;Rim Tim Tagi Dim;2;croatia;2024-05-15;https://www.youtube.com/results?search_query=Baby+Lasagna+Rim+Tim+Tagi+Dim+lyrics
BINI;Salamin, Salamin;2;philippines;2024-05-15;https://www.youtube.com/results?search_query=BINI+Salamin,+Salamin+lyrics
Tzanca Uraganu;Vorba Francezului (From "Buzz House" The Movie);2;romania;2024-05-15;https://www.youtube.com/results?search_query=Tzanca+Uraganu+Vorba+Francezului+(From+"Buzz+House"+The+Movie)+lyrics
Ariana Grande;We Can't Be Friends (Wait For Your Love);2;indonesia;2024-05-15;https://www.youtube.com/results?search_query=Ariana+Grande+We+Can't+Be+Friends+(Wait+For+Your+Love)+lyrics
Rahim x D1MA;Bellevue;2;denmark;2024-05-15;https://www.youtube.com/results?search_query=Rahim+x+D1MA+Bellevue+lyrics
Gettomasa;Stunttaa;2;finland;2024-05-15;https://www.youtube.com/results?search_query=Gettomasa+Stunttaa+lyrics
Light;Messy;2;greece;2024-05-15;https://www.youtube.com/results?search_query=Light+Messy+lyrics
La Unica Tropical;Partido En Dos;2;peru;2024-05-15;https://www.youtube.com/results?search_query=La+Unica+Tropical+Partido+En+Dos+lyrics
Bogdan DLP;Habibi;4;romania;2024-05-15;https://www.youtube.com/results?search_query=Bogdan+DLP+Habibi+lyrics
Andia;De La Dela;5;romania;2024-05-15;https://www.youtube.com/results?search_query=Andia+De+La+Dela+lyrics
Lele;Vocea Ta;9;romania;2024-05-15;https://www.youtube.com/results?search_query=Lele+Vocea+Ta+lyrics
Jador;Fana;11;romania;2024-05-15;https://www.youtube.com/results?search_query=Jador+Fana+lyrics
MGK666;Big Ben (From "Buzz House" The Movie);14;romania;2024-05-15;https://www.youtube.com/results?search_query=MGK666+Big+Ben+(From+"Buzz+House"+The+Movie)+lyrics
Connect-R;Angela;18;romania;2024-05-15;https://www.youtube.com/results?search_query=Connect-R+Angela+lyrics
Mrs. GREEN APPLE;Lilac;2;japan;2024-05-15;https://www.youtube.com/results?search_query=Mrs.+GREEN+APPLE+Lilac+lyrics
Ernie Zakri & Ade Govinda;Masing Masing;2;malaysia;2024-05-15;https://www.youtube.com/results?search_query=Ernie+Zakri+ +Ade+Govinda+Masing+Masing+lyrics
Frenna;Pretty Girls;2;netherlands;2024-05-15;https://www.youtube.com/results?search_query=Frenna+Pretty+Girls+lyrics
Hozier;Too Sweet;2;new-zealand;2024-05-15;https://www.youtube.com/results?search_query=Hozier+Too+Sweet+lyrics
Modelki;Chyba Ze Z Toba;2;poland;2024-05-16;https://www.youtube.com/results?search_query=Modelki+Chyba+Ze+Z+Toba+lyrics
IVE;Heya;2;south-korea;2024-05-16;https://www.youtube.com/results?search_query=IVE+Heya+lyrics
Purple Disco Machine & Benjamin Ingrosso Featuring Nile Rodgers & Shenseea;Honey Boy;2;sweden;2024-05-16;https://www.youtube.com/results?search_query=Purple+Disco+Machine+ +Benjamin+Ingrosso+Featuring+Nile+Rodgers+ +Shenseea+Honey+Boy+lyrics
Benz Pree Cha;Si Chat Bor Kue Khao;2;thailand-thai;2024-05-16;https://www.youtube.com/results?search_query=Benz+Pree+Cha+Si+Chat+Bor+Kue+Khao+lyrics
Tamer Ashour;Haygeely Mawgooa;2;the-arabic;2024-05-16;https://www.youtube.com/results?search_query=Tamer+Ashour+Haygeely+Mawgooa+lyrics
Reynmen;Renklensin;2;turkey;2024-05-16;https://www.youtube.com/results?search_query=Reynmen+Renklensin+lyrics
Luck Ra X KHEA;Hola Perdida;3;argentina;2024-05-16;https://www.youtube.com/results?search_query=Luck+Ra+X+KHEA+Hola+Perdida+lyrics
#misshmusic & KKevin;Nem Vagyok Rosszul;3;hungary;2024-05-16;https://www.youtube.com/results?search_query=#misshmusic+ +KKevin+Nem+Vagyok+Rosszul+lyrics
DJ JZ, Humberto & Ronaldo, mc mininin & Silvanno Salles;MTG Quero Te Encontrar;3;brasil;2024-05-16;https://www.youtube.com/results?search_query=DJ+JZ,+Humberto+ +Ronaldo,+mc+mininin+ +Silvanno+Salles+MTG+Quero+Te+Encontrar+lyrics
Zhou Shen;Shen Lou;3;china-tme-uni;2024-05-16;https://www.youtube.com/results?search_query=Zhou+Shen+Shen+Lou+lyrics
Yandel X Feid;Brickell;3;colombia;2024-05-16;https://www.youtube.com/results?search_query=Yandel+X+Feid+Brickell+lyrics
Desingerica X Djexon;Penetraccia;3;croatia;2024-05-16;https://www.youtube.com/results?search_query=Desingerica+X+Djexon+Penetraccia+lyrics
Mirella;Timanttei;3;finland;2024-05-16;https://www.youtube.com/results?search_query=Mirella+Timanttei+lyrics
Franglish;Position;3;france;2024-05-16;https://www.youtube.com/results?search_query=Franglish+Position+lyrics
Marina Satti;Zari;3;greece;2024-05-16;https://www.youtube.com/results?search_query=Marina+Satti+Zari+lyrics
Kaho Hung;Tinted Windows;3;hong-kong;2024-05-16;https://www.youtube.com/results?search_query=Kaho+Hung+Tinted+Windows+lyrics
Djo;End Of Beginning;3;indonesia;2024-05-16;https://www.youtube.com/results?search_query=Djo+End+Of+Beginning+lyrics
Lazza;100 Messaggi;3;italy;2024-05-16;https://www.youtube.com/results?search_query=Lazza+100+Messaggi+lyrics
SixTONES;Neiro;3;japan;2024-05-16;https://www.youtube.com/results?search_query=SixTONES+Neiro+lyrics
Joost;Europapa;3;netherlands;2024-05-16;https://www.youtube.com/results?search_query=Joost+Europapa+lyrics
Sote Og Rare Gutter;Baerum Bitches (Mannschaft);3;norway;2024-05-16;https://www.youtube.com/results?search_query=Sote+Og+Rare+Gutter+Baerum+Bitches+(Mannschaft)+lyrics
Kubi Producent, stickxr, bambi & Fukaj;Woda Ksiezycowa;3;poland;2024-05-16;https://www.youtube.com/results?search_query=Kubi+Producent,+stickxr,+bambi+ +Fukaj+Woda+Ksiezycowa+lyrics
rares X Bogdan DLP;Guli Guli (From "Buzz House: The Movie");3;romania;2024-05-16;https://www.youtube.com/results?search_query=rares+X+Bogdan+DLP+Guli+Guli+(From+"Buzz+House:+The+Movie")+lyrics
Separ;Bbejbb;3;slovakia;2024-05-16;https://www.youtube.com/results?search_query=Separ+Bbejbb+lyrics
Drake;Family Matters;3;south-africa;2024-05-16;https://www.youtube.com/results?search_query=Drake+Family+Matters+lyrics
SEVENTEEN;Maestro;3;south-korea;2024-05-16;https://www.youtube.com/results?search_query=SEVENTEEN+Maestro+lyrics
Myke Towers & Bad Bunny;Adivino;3;spain;2024-05-16;https://www.youtube.com/results?search_query=Myke+Towers+ +Bad+Bunny+Adivino+lyrics
Hooja X Miriam Bryant;Vem Fan E Du?;3;sweden;2024-05-16;https://www.youtube.com/results?search_query=Hooja+X+Miriam+Bryant+Vem+Fan+E+Du?+lyrics
Bestards;Farewell;3;taiwan;2024-05-16;https://www.youtube.com/results?search_query=Bestards+Farewell+lyrics
Jeff Satur;Ghost;3;thailand-thai;2024-05-16;https://www.youtube.com/results?search_query=Jeff+Satur+Ghost+lyrics
Meentra Intira;Wow;3;thailand-thai;2024-05-16;https://www.youtube.com/results?search_query=Meentra+Intira+Wow+lyrics
Jungeli Featuring Abou Debeing, Lossa, Alonzo & Imen Es;Petit Genie;4;france;2024-05-16;https://www.youtube.com/results?search_query=Jungeli+Featuring+Abou+Debeing,+Lossa,+Alonzo+&+Imen+Es+Petit+Genie+lyrics
Sherine Abdel Wahab;Kalam Eneih;3;the-arabic;2024-05-16;https://www.youtube.com/results?search_query=Sherine+Abdel+Wahab+Kalam+Eneih+lyrics
Semicenk;Tek Basima;3;turkey;2024-05-16;https://www.youtube.com/results?search_query=Semicenk+Tek+Basima+lyrics
Wang Ruizhuo, Damn5z;Chong Sheng Zhi Wo Zai Yi Xiang Wei Yi Ke;4;china-tme-uni;2024-05-16;https://www.youtube.com/results?search_query=Wang+Ruizhuo,+Damn5z+Chong+Sheng+Zhi+Wo+Zai+Yi+Xiang+Wei+Yi+Ke+lyrics
Isac Elliot Featuring Cledos, william, Jore & Zpoppa & Willem;Weak;5;finland;2024-05-16;https://www.youtube.com/results?search_query=Isac+Elliot+Featuring+Cledos,+william,+Jore+ +Zpoppa+ +Willem+Weak+lyrics
Tang Bo Hu Annie;Luo (Hua Kai Hua Luo Ri Sheng Ri Mo);5;china-tme-uni;2024-05-16;https://www.youtube.com/results?search_query=Tang+Bo+Hu+Annie+Luo+(Hua+Kai+Hua+Luo+Ri+Sheng+Ri+Mo)+lyrics
Lvbel C5;Sezen Aksu;4;turkey;2024-05-16;https://www.youtube.com/results?search_query=Lvbel+C5+Sezen+Aksu+lyrics
Grse X Mimi Mercedez;Tokyo Drift;4;croatia;2024-05-16;https://www.youtube.com/results?search_query=Grse+X+Mimi+Mercedez+Tokyo+Drift+lyrics
DYSTINCT;La;4;the-arabic;2024-05-16;https://www.youtube.com/results?search_query=DYSTINCT+La+lyrics
QWER;T.B.H;4;south-korea;2024-05-16;https://www.youtube.com/results?search_query=QWER+T.B.H+lyrics
Tor Ner;Long Fung Ley;4;thailand-thai;2024-05-16;https://www.youtube.com/results?search_query=Tor+Ner+Long+Fung+Ley+lyrics
Sahithi Chaganti & Sri Krishna;Kurchi Madathapetti (From "Guntur Kaaram");3;india;2024-05-16;https://www.youtube.com/results?search_query=Sahithi+Chaganti+ +Sri+Krishna+Kurchi+Madathapetti+(From+"Guntur+Kaaram")+lyrics
Gonzy;X'Clusivo;4;spain;2024-05-16;https://www.youtube.com/results?search_query=Gonzy+X'Clusivo+lyrics
Jorge & Mateus & Lauana Prado;Havera Sinais;4;brasil;2024-05-16;https://www.youtube.com/results?search_query=Jorge+ +Mateus+ +Lauana+Prado+Havera+Sinais+lyrics
Dillaz Featuring Plutonio;Alo;4;portugal;2024-05-16;https://www.youtube.com/results?search_query=Dillaz+Featuring+Plutonio+Alo+lyrics
Belinda & Natanael Cano;300 Noches;4;mexico;2024-05-16;https://www.youtube.com/results?search_query=Belinda+ +Natanael+Cano+300+Noches+lyrics
Geolier & Ultimo;L'Ultima Poesia;4;italy;2024-05-16;https://www.youtube.com/results?search_query=Geolier+ +Ultimo+L'Ultima+Poesia+lyrics
Marshmello & Kane Brown;Miles On It;1;dance-electronic;2024-05-16;https://www.youtube.com/results?search_query=Marshmello+&+Kane+Brown+Miles+On+It+lyrics
Dua Lipa;Illusion;2;dance-electronic;2024-05-16;https://www.youtube.com/results?search_query=Dua+Lipa+Illusion+lyrics
Xavi;La Diabla;2;latin;2024-05-16;https://www.youtube.com/results?search_query=Xavi+La+Diabla+lyrics
Dua Lipa;Houdini;3;dance-electronic;2024-05-16;https://www.youtube.com/results?search_query=Dua+Lipa+Houdini+lyrics
Salastkbron X Diel Paris;Un Besito Mas;4;argentina;2024-05-16;https://www.youtube.com/results?search_query=Salastkbron+X+Diel+Paris+Un+Besito+Mas+lyrics
Pablo Chill-E Featuring Nengo Flow & Jere Klein;Bastardo;4;chile;2024-05-16;https://www.youtube.com/results?search_query=Pablo+Chill-E+Featuring+Nengo+Flow+ +Jere+Klein+Bastardo+lyrics
Zeynep Bastik;Lan;5;turkey;2024-05-16;https://www.youtube.com/results?search_query=Zeynep+Bastik+Lan+lyrics
Rahma Riad, Nassif Zeytoun;Ma Fi Leil;5;the-arabic;2024-05-16;https://www.youtube.com/results?search_query=Rahma+Riad,+Nassif+Zeytoun+Ma+Fi+Leil+lyrics
Sarettii & Asme;Hemsk;5;sweden;2024-05-16;https://www.youtube.com/results?search_query=Sarettii+ +Asme+Hemsk+lyrics
UNDERGRUNN;Tenke Sjael;5;norway;2024-05-16;https://www.youtube.com/results?search_query=UNDERGRUNN+Tenke+Sjael+lyrics
Kwang Duengruethai Feat. STS73;Nong Test Meow Chao Test Dee;5;thailand-thai;2024-05-16;https://www.youtube.com/results?search_query=Kwang+Duengruethai+Feat.+STS73+Nong+Test+Meow+Chao+Test+Dee+lyrics
Young Miko & Feid;Offline;5;colombia;2024-05-16;https://www.youtube.com/results?search_query=Young+Miko+ +Feid+Offline+lyrics
Keung To;Yan Chan;4;hong-kong;2024-05-16;https://www.youtube.com/results?search_query=Keung+To+Yan+Chan+lyrics
Mahalini;Mati-Matian;4;indonesia;2024-05-16;https://www.youtube.com/results?search_query=Mahalini+Mati-Matian+lyrics
Mark Ambor;Belong Together;4;netherlands;2024-05-16;https://www.youtube.com/results?search_query=Mark+Ambor+Belong+Together+lyrics
KOJO;Baila;4;czech-republic;2024-05-16;https://www.youtube.com/results?search_query=KOJO+Baila+lyrics
Laila!;Like That!;4;tiktok;2024-05-16;https://www.youtube.com/results?search_query=Laila!+Like+That!+lyrics
Teddy Swims;Lose Control;4;luxembourg;2024-05-16;https://www.youtube.com/results?search_query=Teddy+Swims+Lose+Control+lyrics
T. Danny Featuring Jaber;Gaz;4;hungary;2024-05-16;https://www.youtube.com/results?search_query=T.+Danny+Featuring+Jaber+Gaz+lyrics
Ankerstjerne x Daniel Schulz x Panamah;Born Af Natten (Hola Bonita);4;denmark;2024-05-16;https://www.youtube.com/results?search_query=Ankerstjerne+x+Daniel+Schulz+x+Panamah+Born+Af+Natten+(Hola+Bonita)+lyrics
Wang & Bloody Hawk;Dokimasia;4;greece;2024-05-16;https://www.youtube.com/results?search_query=Wang+ +Bloody+Hawk+Dokimasia+lyrics
Lithe;Fall Back;4;slovakia;2024-05-16;https://www.youtube.com/results?search_query=Lithe+Fall+Back+lyrics
Sanju Rathod;Gulabi Sadi;4;india;2024-05-16;https://www.youtube.com/results?search_query=Sanju+Rathod+Gulabi+Sadi+lyrics
Luan Pereira & MC Daniel;Entra Na Defender;5;brasil;2024-05-16;https://www.youtube.com/results?search_query=Luan+Pereira+ +MC+Daniel+Entra+Na+Defender+lyrics
Julion Alvarez;Regalo de Dios;5;mexico;2024-05-16;https://www.youtube.com/results?search_query=Julion+Alvarez+Regalo+de+Dios+lyrics
Capo Plaza Feat. Anna;Soldi Arrotolati;5;italy;2024-05-16;https://www.youtube.com/results?search_query=Capo+Plaza+Feat.+Anna+Soldi+Arrotolati+lyrics
Adele;21;1;greatest-200;2024-05-16;https://www.youtube.com/results?search_query=Adele+21+lyrics
The Weeknd;Blinding Lights;1;greatest-hot-100;2024-05-16;https://www.youtube.com/results?search_query=The+Weeknd+Blinding+Lights+lyrics
All Time Low Featuring blackbear;Monsters;1;all-time-alternative;2024-05-16;https://www.youtube.com/results?search_query=All+Time+Low+Featuring+blackbear+Monsters+lyrics
The Wallflowers;One Headlight;1;adult-all-time-alternative;2024-05-16;https://www.youtube.com/results?search_query=The+Wallflowers+One+Headlight+lyrics
Days Of The New;Touch, Peel And Stand;1;mainstream-rock;2024-05-16;https://www.youtube.com/results?search_query=Days+Of+The+New+Touch,+Peel+And+Stand+lyrics
Noah Kahan;Stick Season;2;alternative-rock;2024-05-16;https://www.youtube.com/results?search_query=Noah+Kahan+Stick+Season+lyrics
Chubby Checker;The Twist;2;greatest-hot-100;2024-05-16;https://www.youtube.com/results?search_query=Chubby+Checker+The+Twist+lyrics
lovelytheband;Broken;2;all-time-alternative;2024-05-16;https://www.youtube.com/results?search_query=lovelytheband+Broken+lyrics
Coldplay;Clocks;2;adult-all-time-alternative;2024-05-16;https://www.youtube.com/results?search_query=Coldplay+Clocks+lyrics
Stone Temple Pilots;Interstate Love Song;2;mainstream-rock;2024-05-16;https://www.youtube.com/results?search_query=Stone+Temple+Pilots+Interstate+Love+Song+lyrics
Fuerza Regida;Tu Name;4;latin;2024-05-16;https://www.youtube.com/results?search_query=Fuerza+Regida+Tu+Name+lyrics
Muse;Uprising;3;all-time-alternative;2024-05-16;https://www.youtube.com/results?search_query=Muse+Uprising+lyrics
Silence Wang;Wo Xiang Nian;7;china-tme-uni;2024-05-16;https://www.youtube.com/results?search_query=Silence+Wang+Wo+Xiang+Nian+lyrics
Santana Featuring Rob Thomas;Smooth;3;greatest-hot-100;2024-05-16;https://www.youtube.com/results?search_query=Santana+Featuring+Rob+Thomas+Smooth+lyrics
guncharlie;Pour Wan Nai Ter Cha Kub Ma;4;thailand-thai;2024-05-16;https://www.youtube.com/results?search_query=guncharlie+Pour+Wan+Nai+Ter+Cha+Kub+Ma+lyrics
Bobby Darin;Mack The Knife;4;greatest-hot-100;2024-05-16;https://www.youtube.com/results?search_query=Bobby+Darin+Mack+The+Knife+lyrics
Lifehouse;Hanging By A Moment;3;all-time-pop;2024-05-16;https://www.youtube.com/results?search_query=Lifehouse+Hanging+By+A+Moment+lyrics
matchbox 20;3 AM;3;adult-all-time-alternative;2024-05-16;https://www.youtube.com/results?search_query=matchbox+20+3+AM+lyrics
Dua Lipa;Training Season;4;dance-electronic;2024-05-16;https://www.youtube.com/results?search_query=Dua+Lipa+Training+Season+lyrics
gins&melodies Featuring Hev Abi;Babaero;6;philippines;2024-05-16;https://www.youtube.com/results?search_query=gins melodies+Featuring+Hev+Abi+Babaero+lyrics
Shan Yu;Zuo Zi Ji De Guang, Bu Xu Yao Tai Liang;6;china-tme-uni;2024-05-16;https://www.youtube.com/results?search_query=Shan+Yu+Zuo+Zi+Ji+De+Guang,+Bu+Xu+Yao+Tai+Liang+lyrics
Sexmane;Hulluus Saa Mut Huutamaan;6;finland;2024-05-16;https://www.youtube.com/results?search_query=Sexmane+Hulluus+Saa+Mut+Huutamaan+lyrics
Mark Ronson Featuring Bruno Mars;Uptown Funk!;5;greatest-hot-100;2024-05-16;https://www.youtube.com/results?search_query=Mark+Ronson+Featuring+Bruno+Mars+Uptown+Funk!+lyrics
Timbaland Featuring OneRepublic;Apologize;4;all-time-pop;2024-05-16;https://www.youtube.com/results?search_query=Timbaland+Featuring+OneRepublic+Apologize+lyrics
LeAnn Rimes;How Do I Live;6;greatest-hot-100;2024-05-16;https://www.youtube.com/results?search_query=LeAnn+Rimes+How+Do+I+Live+lyrics
LMFAO Featuring Lauren Bennett & GoonRock;Party Rock Anthem;7;greatest-hot-100;2024-05-16;https://www.youtube.com/results?search_query=LMFAO+Featuring+Lauren+Bennett+ +GoonRock+Party+Rock+Anthem+lyrics
The Black Eyed Peas;I Gotta Feeling;8;greatest-hot-100;2024-05-16;https://www.youtube.com/results?search_query=The+Black+Eyed+Peas+I+Gotta+Feeling+lyrics
Los Del Rio;Macarena (Bayside Boys Mix);9;greatest-hot-100;2024-05-16;https://www.youtube.com/results?search_query=Los+Del+Rio+Macarena+(Bayside+Boys+Mix)+lyrics
Ed Sheeran;Shape Of You;10;greatest-hot-100;2024-05-16;https://www.youtube.com/results?search_query=Ed+Sheeran+Shape+Of+You+lyrics
Rise Against;Savior;4;all-time-alternative;2024-05-16;https://www.youtube.com/results?search_query=Rise+Against+Savior+lyrics
Ariana Grande;Yes, And?;5;dance-electronic;2024-05-16;https://www.youtube.com/results?search_query=Ariana+Grande+Yes,+And?+lyrics
Fellow Fellow;Tam Chai OST. Deepnight The Series;5;thailand-thai;2024-05-16;https://www.youtube.com/results?search_query=Fellow+Fellow+Tam+Chai+OST.+Deepnight+The+Series+lyrics
El Turko & Mandale Flow;30 Grados;5;argentina;2024-05-16;https://www.youtube.com/results?search_query=El+Turko+ +Mandale+Flow+30+Grados+lyrics
Lucky Brown;Coa Xorete;5;chile;2024-05-16;https://www.youtube.com/results?search_query=Lucky+Brown+Coa+Xorete+lyrics
Rasta, Pavillion & Jahve;Napapiri;6;croatia;2024-05-16;https://www.youtube.com/results?search_query=Rasta,+Pavillion+ +Jahve+Napapiri+lyrics
Foo Fighters;Everlong;1;hard-rock-streaming;2024-05-16;https://www.youtube.com/results?search_query=Foo+Fighters+Everlong+lyrics
Green Day;Dilemma;1;rock-airplay;2024-05-16;https://www.youtube.com/results?search_query=Green+Day+Dilemma+lyrics
Metallica;Screaming Suicide;1;mainstream-rock-airplay;2024-05-16;https://www.youtube.com/results?search_query=Metallica+Screaming+Suicide+lyrics
Portugal. The Man;Feel It Still;5;all-time-alternative;2024-05-16;https://www.youtube.com/results?search_query=Portugal.+The+Man+Feel+It+Still+lyrics
Big Mike Hart Featuring Boney James;Cigar Lounge;2;jazz;2024-05-16;https://www.youtube.com/results?search_query=Big+Mike+Hart+Featuring+Boney+James+Cigar+Lounge+lyrics
Michael Broening;The Way She Moves;1;jazz;2024-05-16;https://www.youtube.com/results?search_query=Michael+Broening+The+Way+She+Moves+lyrics
BTS;Not Today;1;world-digital;2024-05-16;https://www.youtube.com/results?search_query=BTS+Not+Today+lyrics
Sum 41;Landmines;2;rock-airplay;2024-05-16;https://www.youtube.com/results?search_query=Sum+41+Landmines+lyrics
Bad Omens;Just Pretend;2;hot-hard-rock;2024-05-16;https://www.youtube.com/results?search_query=Bad+Omens+Just+Pretend+lyrics
twenty one pilots;Overcompensate;2;alternative-airplay;2024-05-16;https://www.youtube.com/results?search_query=twenty+one+pilots+Overcompensate+lyrics
Sia;Unstoppable;4;adult-contemporary-pop;2024-05-16;https://www.youtube.com/results?search_query=Sia+Unstoppable+lyrics
Beartooth;I Was Alive;2;mainstream-rock-airplay;2024-05-16;https://www.youtube.com/results?search_query=Beartooth+I+Was+Alive+lyrics
Israel "IZ" Kamakawiwo'Ole;Somewhere Over The Rainbow;2;world-digital;2024-05-16;https://www.youtube.com/results?search_query=Israel+"IZ"+Kamakawiwo'Ole+Somewhere+Over+The+Rainbow+lyrics
Cage The Elephant;Neon Pill;3;rock-airplay;2024-05-16;https://www.youtube.com/results?search_query=Cage+The+Elephant+Neon+Pill+lyrics
Bad Omens;The Death Of Peace Of Mind;3;hot-hard-rock;2024-05-16;https://www.youtube.com/results?search_query=Bad+Omens+The+Death+Of+Peace+Of+Mind+lyrics
AC/DC;Thunderstruck;3;hard-rock-streaming;2024-05-16;https://www.youtube.com/results?search_query=AC/DC+Thunderstruck+lyrics
Nothing More;If It Doesn't Hurt;3;mainstream-rock-airplay;2024-05-16;https://www.youtube.com/results?search_query=Nothing+More+If+It+Doesn't+Hurt+lyrics
Tim Bowman;Ocean Breeze;3;jazz;2024-05-16;https://www.youtube.com/results?search_query=Tim+Bowman+Ocean+Breeze+lyrics
Tyla;Water;3;world-digital;2024-05-16;https://www.youtube.com/results?search_query=Tyla+Water+lyrics
Luke Combs;Fast Car;3;adult-contemporary-pop;2024-05-16;https://www.youtube.com/results?search_query=Luke+Combs+Fast+Car+lyrics
Pearl Jam;Wreckage;4;hot-hard-rock;2024-05-16;https://www.youtube.com/results?search_query=Pearl+Jam+Wreckage+lyrics
Guns N' Roses;Sweet Child O' Mine;4;hard-rock-streaming;2024-05-16;https://www.youtube.com/results?search_query=Guns+N'+Roses+Sweet+Child+O'+Mine+lyrics
Godsmack;Truth;4;mainstream-rock-airplay;2024-05-16;https://www.youtube.com/results?search_query=Godsmack+Truth+lyrics
Rema & Selena Gomez;Calm Down;4;world-digital;2024-05-16;https://www.youtube.com/results?search_query=Rema+ +Selena+Gomez+Calm+Down+lyrics
Foo Fighters;The Pretender;7;all-time-alternative;2024-05-16;https://www.youtube.com/results?search_query=Foo+Fighters+The+Pretender+lyrics
Nickelback;How You Remind Me;5;all-time-pop;2024-05-16;https://www.youtube.com/results?search_query=Nickelback+How+You+Remind+Me+lyrics
Train;Drops Of Jupiter (Tell Me);5;adult-all-time-alternative;2024-05-16;https://www.youtube.com/results?search_query=Train+Drops+Of+Jupiter+(Tell+Me)+lyrics
3 Doors Down;Here Without You;6;all-time-pop;2024-05-16;https://www.youtube.com/results?search_query=3+Doors+Down+Here+Without+You+lyrics
Muse;Madness;6;all-time-alternative;2024-05-17;https://www.youtube.com/results?search_query=Muse+Madness+lyrics
David Gray;Babylon;6;adult-all-time-alternative;2024-05-17;https://www.youtube.com/results?search_query=David+Gray+Babylon+lyrics
Imagine Dragons;It's Time;7;adult-all-time-alternative;2024-05-17;https://www.youtube.com/results?search_query=Imagine+Dragons+It's+Time+lyrics
blink-182;One More Time;5;rock-airplay;2024-05-17;https://www.youtube.com/results?search_query=blink-182+One+More+Time+lyrics
Superheaven;Youngest Daughter;5;hot-hard-rock;2024-05-17;https://www.youtube.com/results?search_query=Superheaven+Youngest+Daughter+lyrics
Five Finger Death Punch Featuring DMX;This Is The Way;5;mainstream-rock-airplay;2024-05-17;https://www.youtube.com/results?search_query=Five+Finger+Death+Punch+Featuring+DMX+This+Is+The+Way+lyrics
Imagine Dragons;Radioactive;8;all-time-alternative;2024-05-17;https://www.youtube.com/results?search_query=Imagine+Dragons+Radioactive+lyrics
Gomez;See The World;8;adult-all-time-alternative;2024-05-17;https://www.youtube.com/results?search_query=Gomez+See+The+World+lyrics
VC Barre, Pablo Paz & takenoelz;Soldat;6;norway;2024-05-17;https://www.youtube.com/results?search_query=VC+Barre,+Pablo+Paz+ +takenoelz+Soldat+lyrics
Lim Young Woong;Do Or Die;6;south-korea;2024-05-17;https://www.youtube.com/results?search_query=Lim+Young+Woong+Do+Or+Die+lyrics
Bolaget;Valkommen Ner.;6;sweden;2024-05-17;https://www.youtube.com/results?search_query=Bolaget+Valkommen+Ner.+lyrics
Sherine Abdel Wahab;Al Watar Al Hassas;6;the-arabic;2024-05-17;https://www.youtube.com/results?search_query=Sherine+Abdel+Wahab+Al+Watar+Al+Hassas+lyrics
Deemz, BAMBI, Kizo, Young Leosia & Waima;Lece Bo Chce;5;poland;2024-05-17;https://www.youtube.com/results?search_query=Deemz,+BAMBI,+Kizo,+Young+Leosia+ +Waima+Lece+Bo+Chce+lyrics
Wang;Parapatao;5;greece;2024-05-17;https://www.youtube.com/results?search_query=Wang+Parapatao+lyrics
Jewel;You Were Meant For Me;5;90s;2024-05-17;https://www.youtube.com/results?search_query=Jewel+You+Were+Meant+For+Me+lyrics
Creed;Higher;5;mainstream-rock;2024-05-17;https://www.youtube.com/results?search_query=Creed+Higher+lyrics
Akdo & Lvbel C5;Submariner;6;turkey;2024-05-17;https://www.youtube.com/results?search_query=Akdo+ +Lvbel+C5+Submariner+lyrics
Capo Plaza Feat. Tedua;Ancora Qua;6;italy;2024-05-17;https://www.youtube.com/results?search_query=Capo+Plaza+Feat.+Tedua+Ancora+Qua+lyrics
Olivia Newton-John;Physical;11;greatest-hot-100;2024-05-17;https://www.youtube.com/results?search_query=Olivia+Newton-John+Physical+lyrics
Kehlani;After Hours;5;rnb;2024-05-17;https://www.youtube.com/results?search_query=Kehlani+After+Hours+lyrics
Olivia Rodrigo;Obsessed;5;alternative-rock;2024-05-17;https://www.youtube.com/results?search_query=Olivia+Rodrigo+Obsessed+lyrics
Gareth.T;Emergency Contact;5;hong-kong;2024-05-17;https://www.youtube.com/results?search_query=Gareth.T+Emergency+Contact+lyrics
Tiara Andini;Kupu - Kupu;5;indonesia;2024-05-17;https://www.youtube.com/results?search_query=Tiara+Andini+Kupu+-+Kupu+lyrics
CYRIL;Stumblin' In;5;netherlands;2024-05-17;https://www.youtube.com/results?search_query=CYRIL+Stumblin'+In+lyrics
STEIN27 With Sofian Medjmedj;Samota;5;czech-republic;2024-05-17;https://www.youtube.com/results?search_query=STEIN27+With+Sofian+Medjmedj+Samota+lyrics
Camilo & Carin Leon;Una Vida Pasada;5;peru;2024-05-17;https://www.youtube.com/results?search_query=Camilo+ +Carin+Leon+Una+Vida+Pasada+lyrics
Phoebe Bridgers;Scott Street (Slowed Down);5;tiktok;2024-05-17;https://www.youtube.com/results?search_query=Phoebe+Bridgers+Scott+Street+(Slowed+Down)+lyrics
Dardan & Azet;Pa Mu;5;switzerland;2024-05-17;https://www.youtube.com/results?search_query=Dardan+ +Azet+Pa+Mu+lyrics
David Guetta & OneRepublic;I Don't Wanna Wait;6;dance-electronic;2024-05-17;https://www.youtube.com/results?search_query=David+Guetta+ +OneRepublic+I+Don't+Wanna+Wait+lyrics
Taylor Swift;Anti-Hero;5;adult-contemporary-pop;2024-05-17;https://www.youtube.com/results?search_query=Taylor+Swift+Anti-Hero+lyrics
Panic! At The Disco;High Hopes;9;all-time-alternative;2024-05-17;https://www.youtube.com/results?search_query=Panic!+At+The+Disco+High+Hopes+lyrics
TaitosmitH;Aab Keb Kwam Nai Chai Wai Nai Wan Ray Ban Si Dum;6;thailand-thai;2024-05-17;https://www.youtube.com/results?search_query=TaitosmitH+Aab+Keb+Kwam+Nai+Chai+Wai+Nai+Wan+Ray+Ban+Si+Dum+lyrics
Jiu Shi Nan Fang Kai;Li Bie Kai Chu Hua;8;china-tme-uni;2024-05-17;https://www.youtube.com/results?search_query=Jiu+Shi+Nan+Fang+Kai+Li+Bie+Kai+Chu+Hua+lyrics
Chen Linong;Hai Ai Zhe Ni;9;china-tme-uni;2024-05-17;https://www.youtube.com/results?search_query=Chen+Linong+Hai+Ai+Zhe+Ni+lyrics
Abreu;Valheista Kaunein;8;finland;2024-05-17;https://www.youtube.com/results?search_query=Abreu+Valheista+Kaunein+lyrics
Debby Boone;You Light Up My Life;12;greatest-hot-100;2024-05-17;https://www.youtube.com/results?search_query=Debby+Boone+You+Light+Up+My+Life+lyrics
Feid & Pirlo;Cual Es Esa;7;colombia;2024-05-17;https://www.youtube.com/results?search_query=Feid+ +Pirlo+Cual+Es+Esa+lyrics
Jala Brat & Buba Corelli;Monster;7;croatia;2024-05-17;https://www.youtube.com/results?search_query=Jala+Brat+ +Buba+Corelli+Monster+lyrics
Hev Abi;Walang Alam;7;philippines;2024-05-17;https://www.youtube.com/results?search_query=Hev+Abi+Walang+Alam+lyrics
(G)I-DLE;Fate;7;south-korea;2024-05-17;https://www.youtube.com/results?search_query=(G)I-DLE+Fate+lyrics
Ramy Gamal;Beykalemony;7;the-arabic;2024-05-17;https://www.youtube.com/results?search_query=Ramy+Gamal+Beykalemony+lyrics
BLOK3;Laf;7;turkey;2024-05-17;https://www.youtube.com/results?search_query=BLOK3+Laf+lyrics
Saiko & Omar Montes;Yo Lo Sone;6;spain;2024-05-17;https://www.youtube.com/results?search_query=Saiko+ +Omar+Montes+Yo+Lo+Sone+lyrics
Bad Bunny & Feid;Perro Negro;6;latin;2024-05-17;https://www.youtube.com/results?search_query=Bad+Bunny+ +Feid+Perro+Negro+lyrics
Ze Neto & Cristiano;Deu Moral;6;brasil;2024-05-17;https://www.youtube.com/results?search_query=Ze+Neto+ +Cristiano+Deu+Moral+lyrics
Slow J;Tata;6;portugal;2024-05-17;https://www.youtube.com/results?search_query=Slow+J+Tata+lyrics
Tony Effe;Miu Miu;7;italy;2024-05-17;https://www.youtube.com/results?search_query=Tony+Effe+Miu+Miu+lyrics
U2;Beautiful Day;10;adult-all-time-alternative;2024-05-17;https://www.youtube.com/results?search_query=U2+Beautiful+Day+lyrics
Cold War Kids;First;10;all-time-alternative;2024-05-17;https://www.youtube.com/results?search_query=Cold+War+Kids+First+lyrics
Grse;Mamma Mia;8;croatia;2024-05-17;https://www.youtube.com/results?search_query=Grse+Mamma+Mia+lyrics
Capo Plaza;Sottovuoto;8;italy;2024-05-17;https://www.youtube.com/results?search_query=Capo+Plaza+Sottovuoto+lyrics
Donna Lewis;I LOVE YOU ALWAYS FOREVER;10;all-time-pop;2024-05-17;https://www.youtube.com/results?search_query=Donna+Lewis+I+LOVE+YOU+ALWAYS+FOREVER+lyrics
The Beatles;Hey Jude;13;greatest-hot-100;2024-05-17;https://www.youtube.com/results?search_query=The+Beatles+Hey+Jude+lyrics
Avicii;Wake Me Up!;12;all-time-pop;2024-05-17;https://www.youtube.com/results?search_query=Avicii+Wake+Me+Up!+lyrics
